"indicator","region","Unit","Date","Value"
"Food Consumer Price Index","Zambia","Index","2010M1","104.43"
"Food Consumer Price Index","Zambia","Index","2010M2","104.87"
"Food Consumer Price Index","Zambia","Index","2010M3","106.13"
"Food Consumer Price Index","Zambia","Index","2010M4","107.11"
"Food Consumer Price Index","Zambia","Index","2010M5","107.23"
"Food Consumer Price Index","Zambia","Index","2010M6","106.26"
"Food Consumer Price Index","Zambia","Index","2010M7","106.57"
"Food Consumer Price Index","Zambia","Index","2010M8","105.97"
"Food Consumer Price Index","Zambia","Index","2010M9","106.05"
"Food Consumer Price Index","Zambia","Index","2010M10","105.6"
"Food Consumer Price Index","Zambia","Index","2010M11","106.36"
"Food Consumer Price Index","Zambia","Index","2010M12","107.65"
"Food Consumer Price Index","Zambia","Index","2011M1","108.85"
"Food Consumer Price Index","Zambia","Index","2011M2","109.37"
"Food Consumer Price Index","Zambia","Index","2011M3","110.5"
"Food Consumer Price Index","Zambia","Index","2011M4","111.11"
"Food Consumer Price Index","Zambia","Index","2011M5","110.97"
"Food Consumer Price Index","Zambia","Index","2011M6","110.31"
"Food Consumer Price Index","Zambia","Index","2011M7","111.93"
"Food Consumer Price Index","Zambia","Index","2011M8","112.09"
"Food Consumer Price Index","Zambia","Index","2011M9","112.48"
"Food Consumer Price Index","Zambia","Index","2011M10","112.21"
"Food Consumer Price Index","Zambia","Index","2011M11","112.71"
"Food Consumer Price Index","Zambia","Index","2011M12","113.39"
"Food Consumer Price Index","Zambia","Index","2012M1","115.48"
"Food Consumer Price Index","Zambia","Index","2012M2","115.41"
"Food Consumer Price Index","Zambia","Index","2012M3","117.59"
"Food Consumer Price Index","Zambia","Index","2012M4","118.22"
"Food Consumer Price Index","Zambia","Index","2012M5","118.56"
"Food Consumer Price Index","Zambia","Index","2012M6","118.11"
"Food Consumer Price Index","Zambia","Index","2012M7","119"
"Food Consumer Price Index","Zambia","Index","2012M8","120.3"
"Food Consumer Price Index","Zambia","Index","2012M9","120.95"
"Food Consumer Price Index","Zambia","Index","2012M10","121.4"
"Food Consumer Price Index","Zambia","Index","2012M11","121.7"
"Food Consumer Price Index","Zambia","Index","2012M12","122.96"
"Food Consumer Price Index","Zambia","Index","2013M1","124.27"
"Food Consumer Price Index","Zambia","Index","2013M2","123.13"
"Food Consumer Price Index","Zambia","Index","2013M3","124.66"
"Food Consumer Price Index","Zambia","Index","2013M4","125.48"
"Food Consumer Price Index","Zambia","Index","2013M5","125.99"
"Food Consumer Price Index","Zambia","Index","2013M6","126.45"
"Food Consumer Price Index","Zambia","Index","2013M7","127.48"
"Food Consumer Price Index","Zambia","Index","2013M8","128.51"
"Food Consumer Price Index","Zambia","Index","2013M9","128.87"
"Food Consumer Price Index","Zambia","Index","2013M10","128.54"
"Food Consumer Price Index","Zambia","Index","2013M11","128.99"
"Food Consumer Price Index","Zambia","Index","2013M12","130.57"
"Food Consumer Price Index","Zambia","Index","2014M1","131.6"
"Food Consumer Price Index","Zambia","Index","2014M2","132.36"
"Food Consumer Price Index","Zambia","Index","2014M3","134.09"
"Food Consumer Price Index","Zambia","Index","2014M4","134.99"
"Food Consumer Price Index","Zambia","Index","2014M5","136.02"
"Food Consumer Price Index","Zambia","Index","2014M6","136.32"
"Food Consumer Price Index","Zambia","Index","2014M7","136.24"
"Food Consumer Price Index","Zambia","Index","2014M8","137.5"
"Food Consumer Price Index","Zambia","Index","2014M9","137.75"
"Food Consumer Price Index","Zambia","Index","2014M10","137.71"
"Food Consumer Price Index","Zambia","Index","2014M11","138.45"
"Food Consumer Price Index","Zambia","Index","2014M12","140.3"
"Food Consumer Price Index","Zambia","Index","2015M1","141.28"
"Food Consumer Price Index","Zambia","Index","2015M2","142.39"
"Food Consumer Price Index","Zambia","Index","2015M3","143.79"
"Food Consumer Price Index","Zambia","Index","2015M4","144.61"
"Food Consumer Price Index","Zambia","Index","2015M5","145.81"
"Food Consumer Price Index","Zambia","Index","2015M6","146.04"
"Food Consumer Price Index","Zambia","Index","2015M7","146.91"
"Food Consumer Price Index","Zambia","Index","2015M8","148.16"
"Food Consumer Price Index","Zambia","Index","2015M9","148.95"
"Food Consumer Price Index","Zambia","Index","2015M10","160.03"
"Food Consumer Price Index","Zambia","Index","2015M11","170.85"
"Food Consumer Price Index","Zambia","Index","2015M12","175.09"
"Food Consumer Price Index","Zambia","Index","2016M1","177.88"
"Food Consumer Price Index","Zambia","Index","2016M2","179.94"
"Food Consumer Price Index","Zambia","Index","2016M3","181.52"
"Food Consumer Price Index","Zambia","Index","2016M4","183.01"
"Food Consumer Price Index","Zambia","Index","2016M5","183.39"
"Food Consumer Price Index","Zambia","Index","2016M6","183.03"
"Food Consumer Price Index","Zambia","Index","2016M7","183.36"
"Food Consumer Price Index","Zambia","Index","2016M8","183.87"
"Food Consumer Price Index","Zambia","Index","2016M9","183.85"
"Food Consumer Price Index","Zambia","Index","2016M10","185.01"
"Food Consumer Price Index","Zambia","Index","2016M11","186.58"
"Food Consumer Price Index","Zambia","Index","2016M12","188.68"
"Food Consumer Price Index","Zambia","Index","2017M1","190.9587"
"Food Consumer Price Index","Zambia","Index","2017M2","193.2769"
"Food Consumer Price Index","Zambia","Index","2017M3","193.7425"
"Food Consumer Price Index","Zambia","Index","2017M4","194.0915"
"Food Consumer Price Index","Zambia","Index","2017M5","194.2155"
"Food Consumer Price Index","Zambia","Index","2017M6","193.6081"
"Food Consumer Price Index","Zambia","Index","2017M7","193.1345"
"Food Consumer Price Index","Zambia","Index","2017M8","193.3225"
"Food Consumer Price Index","Zambia","Index","2017M9","193.0569"
"Food Consumer Price Index","Zambia","Index","2017M10","194.0698"
"Food Consumer Price Index","Zambia","Index","2017M11","195.6221"
"Food Consumer Price Index","Zambia","Index","2017M12","197.7668"
"Food Consumer Price Index","Zambia","Index","2018M1","199.6889"
"Food Consumer Price Index","Zambia","Index","2018M2","202.1355"
"Food Consumer Price Index","Zambia","Index","2018M3","204.9034"
"Food Consumer Price Index","Zambia","Index","2018M4","206.7963"
"Food Consumer Price Index","Zambia","Index","2018M5","207.6093"
"Food Consumer Price Index","Zambia","Index","2018M6","208.21"
"Food Consumer Price Index","Zambia","Index","2018M7","208.76"
"Food Consumer Price Index","Zambia","Index","2018M8","209.39"
"Food Consumer Price Index","Zambia","Index","2018M9","209.57"
"Food Consumer Price Index","Zambia","Index","2018M10","210.1"
"Food Consumer Price Index","Zambia","Index","2018M11","212.13"
"Food Consumer Price Index","Zambia","Index","2018M12","213.76"
"Food Consumer Price Index","Zambia","Index","2019M1","216.03"
"Food Consumer Price Index","Zambia","Index","2019M2","217.7"
"Food Consumer Price Index","Zambia","Index","2019M3","221.74"
"Food Consumer Price Index","Zambia","Index","2019M4","224.03"
"Food Consumer Price Index","Zambia","Index","2019M5","226.47"
"Food Consumer Price Index","Zambia","Index","2019M6","227.34"
"Food Consumer Price Index","Zambia","Index","2019M7","228.26"
"Food Consumer Price Index","Zambia","Index","2019M8","230.95"
"Food Consumer Price Index","Zambia","Index","2019M9","235.59"
"Food Consumer Price Index","Zambia","Index","2019M10","238.09"
"Food Consumer Price Index","Zambia","Index","2019M11","240.77"
"Food Consumer Price Index","Zambia","Index","2019M12","246.35"
"Food Consumer Price Index","Zambia","Index","2020M1","249.2"
"Food Consumer Price Index","Zambia","Index","2020M2","252.41"
"Food Consumer Price Index","Zambia","Index","2020M3","255.51"
"Food Consumer Price Index","Zambia","Index","2020M4","262.2"
"Food Consumer Price Index","Zambia","Index","2020M5","266.01"
"Food Consumer Price Index","Zambia","Index","2020M6","264.47"
"Food Consumer Price Index","Zambia","Index","2020M7","265.11"
"Food Consumer Price Index","Zambia","Index","2020M8","266.84"
"Food Consumer Price Index","Zambia","Index","2020M9","268.57"
"Food Consumer Price Index","Zambia","Index","2020M10","272.84"
"Food Consumer Price Index","Zambia","Index","2020M11","281.13"
"Food Consumer Price Index","Zambia","Index","2020M12","296.1"
"Food Consumer Price Index","Zambia","Index","2021M1","312.96"
"Food Consumer Price Index","Zambia","Index","2021M2","321.37"
"Food Consumer Price Index","Zambia","Index","2021M3","326.51"
"Food Consumer Price Index","Zambia","Index","2021M4","333.58"
"Food Consumer Price Index","Zambia","Index","2021M5","341.86"
"Food Consumer Price Index","Zambia","Index","2021M6","347.01"
"Food Consumer Price Index","Zambia","Index","2021M7","347.78"
"Food Consumer Price Index","Zambia","Index","2021M8","351.08"
"Food Consumer Price Index","Zambia","Index","2021M9","348.15"
"Food Consumer Price Index","Zambia","Index","2021M10","349.42"
"Food Consumer Price Index","Zambia","Index","2021M11","352.51"
"Food Consumer Price Index","Zambia","Index","2021M12","355.02"
"Food Consumer Price Index","Zambia","Index","2022M1","366"
"Food Consumer Price Index","Zambia","Index","2022M2","372.91"
"Food Consumer Price Index","Zambia","Index","2022M3","376.38"
"Food Consumer Price Index","Zambia","Index","2022M4","380.51"
"Food Consumer Price Index","Zambia","Index","2022M5","383.95"
"Food Consumer Price Index","Zambia","Index","2022M6","388.44"
"Food Consumer Price Index","Zambia","Index","2022M7","389.46"
"Food Consumer Price Index","Zambia","Index","2022M8","390.93"
"Food Consumer Price Index","Zambia","Index","2022M9","390.22"
"Food Consumer Price Index","Zambia","Index","2022M10","391.96"
"Food Consumer Price Index","Zambia","Index","2022M11","395.31"
"Food Consumer Price Index","Zambia","Index","2022M12","397.37"
"Food Consumer Price Index","Zambia","Index","2023M1","408.33"
"Food Consumer Price Index","Zambia","Index","2023M2","416.33"
"Food Consumer Price Index","Zambia","Index","2023M3","420.96"
"Food Consumer Price Index","Zambia","Index","2023M4","424.62"
"Food Consumer Price Index","Zambia","Index","2023M5","428.34"
"Food Consumer Price Index","Zambia","Index","2023M6","432.13"
"Food Consumer Price Index","Zambia","Index","2023M7","436.57"
"Food Consumer Price Index","Zambia","Index","2023M8","440.19"
"Food Consumer Price Index","Zambia","Index","2023M9","442.33"
"Food Consumer Price Index","Zambia","Index","2023M10","445.22"
"Food Consumer Price Index","Zambia","Index","2023M11","449.29"
"Food Consumer Price Index","Zambia","Index","2023M12","453.93"
"Food Consumer Price Index","Zambia","Index","2024M1","464.47"
"Food Consumer Price Index","Zambia","Index","2024M2","475.04"
"Food Consumer Price Index","Zambia","Index","2024M3","486.52"
"Food Consumer Price Index","Zambia","Index","2024M4","491.38"
"Food Consumer Price Index","Zambia","Index","2024M5","497.59"
"Food Consumer Price Index","Zambia","Index","2024M6","504.83"
"Food Consumer Price Index","Zambia","Index","2024M7","512.49"
"Food Consumer Price Index","Zambia","Index","2024M8","517.49"
"Food Consumer Price Index","Zambia","Index","2024M9","521.56"
"Food Consumer Price Index","Zambia","Index","2024M10","526.12"
"Food Consumer Price Index","Zambia","Index","2024M11","530.87"
"Food Consumer Price Index","Zambia","Index","2024M12","538.44"
"Food Consumer Price Index","Zambia","Index","2025M1","553.62"
"Food Consumer Price Index","Zambia","Index","2025M2","572.68"
"Food Consumer Price Index","Zambia","Index","2025M3","578.47"
"Food Consumer Price Index","Zambia","Index","2025M4","583.16"
"Food Consumer Price Index","Zambia","Index","2025M5","586.54"
"Food Consumer Price Index","Zambia","Index","2025M6","588.99"
"Food Consumer Price Index","Zambia","Index","2025M7","591.04"
"Food Consumer Price Index","Zambia","Index","2025M8","594.63"
"Food Consumer Price Index","Zambia","Index","2025M9","597.56"
"Food Consumer Price Index","Zambia","Index","2025M10","600.12"
"Food Consumer Price Index","Zambia","Index","2025M11","604.64"
"Food Consumer Price Index","Zambia","Index","2025M12","608.1"
"Monthly Food Inflation","Zambia","Percent","2010M1","4.4"
"Monthly Food Inflation","Zambia","Percent","2010M2","0.4"
"Monthly Food Inflation","Zambia","Percent","2010M3","1.2"
"Monthly Food Inflation","Zambia","Percent","2010M4","0.9"
"Monthly Food Inflation","Zambia","Percent","2010M5","0.1"
"Monthly Food Inflation","Zambia","Percent","2010M6","-0.9"
"Monthly Food Inflation","Zambia","Percent","2010M7","0.3"
"Monthly Food Inflation","Zambia","Percent","2010M8","-0.6"
"Monthly Food Inflation","Zambia","Percent","2010M9","0.1"
"Monthly Food Inflation","Zambia","Percent","2010M10","-0.4"
"Monthly Food Inflation","Zambia","Percent","2010M11","0.7"
"Monthly Food Inflation","Zambia","Percent","2010M12","1.2"
"Monthly Food Inflation","Zambia","Percent","2011M1","1.1"
"Monthly Food Inflation","Zambia","Percent","2011M2","0.5"
"Monthly Food Inflation","Zambia","Percent","2011M3","1"
"Monthly Food Inflation","Zambia","Percent","2011M4","0.6"
"Monthly Food Inflation","Zambia","Percent","2011M5","-0.1"
"Monthly Food Inflation","Zambia","Percent","2011M6","-0.6"
"Monthly Food Inflation","Zambia","Percent","2011M7","1.5"
"Monthly Food Inflation","Zambia","Percent","2011M8","0.1"
"Monthly Food Inflation","Zambia","Percent","2011M9","0.3"
"Monthly Food Inflation","Zambia","Percent","2011M10","-0.2"
"Monthly Food Inflation","Zambia","Percent","2011M11","0.4"
"Monthly Food Inflation","Zambia","Percent","2011M12","0.6"
"Monthly Food Inflation","Zambia","Percent","2012M1","1.8"
"Monthly Food Inflation","Zambia","Percent","2012M2","-0.1"
"Monthly Food Inflation","Zambia","Percent","2012M3","1.9"
"Monthly Food Inflation","Zambia","Percent","2012M4","0.5"
"Monthly Food Inflation","Zambia","Percent","2012M5","0.3"
"Monthly Food Inflation","Zambia","Percent","2012M6","-0.4"
"Monthly Food Inflation","Zambia","Percent","2012M7","0.8"
"Monthly Food Inflation","Zambia","Percent","2012M8","1.1"
"Monthly Food Inflation","Zambia","Percent","2012M9","0.5"
"Monthly Food Inflation","Zambia","Percent","2012M10","0.4"
"Monthly Food Inflation","Zambia","Percent","2012M11","0.2"
"Monthly Food Inflation","Zambia","Percent","2012M12","1"
"Monthly Food Inflation","Zambia","Percent","2013M1","1.1"
"Monthly Food Inflation","Zambia","Percent","2013M2","-0.9"
"Monthly Food Inflation","Zambia","Percent","2013M3","1.2"
"Monthly Food Inflation","Zambia","Percent","2013M4","0.7"
"Monthly Food Inflation","Zambia","Percent","2013M5","0.4"
"Monthly Food Inflation","Zambia","Percent","2013M6","0.4"
"Monthly Food Inflation","Zambia","Percent","2013M7","0.8"
"Monthly Food Inflation","Zambia","Percent","2013M8","0.8"
"Monthly Food Inflation","Zambia","Percent","2013M9","0.3"
"Monthly Food Inflation","Zambia","Percent","2013M10","-0.3"
"Monthly Food Inflation","Zambia","Percent","2013M11","0.3"
"Monthly Food Inflation","Zambia","Percent","2013M12","1.2"
"Monthly Food Inflation","Zambia","Percent","2014M1","0.8"
"Monthly Food Inflation","Zambia","Percent","2014M2","0.6"
"Monthly Food Inflation","Zambia","Percent","2014M3","1.3"
"Monthly Food Inflation","Zambia","Percent","2014M4","0.7"
"Monthly Food Inflation","Zambia","Percent","2014M5","0.8"
"Monthly Food Inflation","Zambia","Percent","2014M6","0.2"
"Monthly Food Inflation","Zambia","Percent","2014M7","-0.1"
"Monthly Food Inflation","Zambia","Percent","2014M8","0.9"
"Monthly Food Inflation","Zambia","Percent","2014M9","0.2"
"Monthly Food Inflation","Zambia","Percent","2014M10","0"
"Monthly Food Inflation","Zambia","Percent","2014M11","0.5"
"Monthly Food Inflation","Zambia","Percent","2014M12","1.3"
"Monthly Food Inflation","Zambia","Percent","2015M1","0.7"
"Monthly Food Inflation","Zambia","Percent","2015M2","0.8"
"Monthly Food Inflation","Zambia","Percent","2015M3","1"
"Monthly Food Inflation","Zambia","Percent","2015M4","0.6"
"Monthly Food Inflation","Zambia","Percent","2015M5","0.8"
"Monthly Food Inflation","Zambia","Percent","2015M6","0.2"
"Monthly Food Inflation","Zambia","Percent","2015M7","0.6"
"Monthly Food Inflation","Zambia","Percent","2015M8","0.8"
"Monthly Food Inflation","Zambia","Percent","2015M9","0.5"
"Monthly Food Inflation","Zambia","Percent","2015M10","7.4"
"Monthly Food Inflation","Zambia","Percent","2015M11","6.8"
"Monthly Food Inflation","Zambia","Percent","2015M12","2.5"
"Monthly Food Inflation","Zambia","Percent","2016M1","1.6"
"Monthly Food Inflation","Zambia","Percent","2016M2","1.2"
"Monthly Food Inflation","Zambia","Percent","2016M3","0.9"
"Monthly Food Inflation","Zambia","Percent","2016M4","0.8"
"Monthly Food Inflation","Zambia","Percent","2016M5","0.2"
"Monthly Food Inflation","Zambia","Percent","2016M6","-0.2"
"Monthly Food Inflation","Zambia","Percent","2016M7","0.2"
"Monthly Food Inflation","Zambia","Percent","2016M8","0.3"
"Monthly Food Inflation","Zambia","Percent","2016M9","0"
"Monthly Food Inflation","Zambia","Percent","2016M10","0.6"
"Monthly Food Inflation","Zambia","Percent","2016M11","0.8"
"Monthly Food Inflation","Zambia","Percent","2016M12","1.1"
"Monthly Food Inflation","Zambia","Percent","2017M1","1.2072"
"Monthly Food Inflation","Zambia","Percent","2017M2","1.214"
"Monthly Food Inflation","Zambia","Percent","2017M3","0.2409"
"Monthly Food Inflation","Zambia","Percent","2017M4","0.1801"
"Monthly Food Inflation","Zambia","Percent","2017M5","0.0639"
"Monthly Food Inflation","Zambia","Percent","2017M6","-0.3127"
"Monthly Food Inflation","Zambia","Percent","2017M7","-0.2446"
"Monthly Food Inflation","Zambia","Percent","2017M8","0.0973"
"Monthly Food Inflation","Zambia","Percent","2017M9","-0.1374"
"Monthly Food Inflation","Zambia","Percent","2017M10","0.5247"
"Monthly Food Inflation","Zambia","Percent","2017M11","0.7999"
"Monthly Food Inflation","Zambia","Percent","2017M12","1.0963"
"Monthly Food Inflation","Zambia","Percent","2018M1","0.9719"
"Monthly Food Inflation","Zambia","Percent","2018M2","1.2252"
"Monthly Food Inflation","Zambia","Percent","2018M3","1.3693"
"Monthly Food Inflation","Zambia","Percent","2018M4","0.9238"
"Monthly Food Inflation","Zambia","Percent","2018M5","0.3931"
"Monthly Food Inflation","Zambia","Percent","2018M6","0.29"
"Monthly Food Inflation","Zambia","Percent","2018M7","0.26"
"Monthly Food Inflation","Zambia","Percent","2018M8","0.3"
"Monthly Food Inflation","Zambia","Percent","2018M9","0.09"
"Monthly Food Inflation","Zambia","Percent","2018M10","0.25"
"Monthly Food Inflation","Zambia","Percent","2018M11","0.97"
"Monthly Food Inflation","Zambia","Percent","2018M12","0.77"
"Monthly Food Inflation","Zambia","Percent","2019M1","1.06"
"Monthly Food Inflation","Zambia","Percent","2019M2","0.78"
"Monthly Food Inflation","Zambia","Percent","2019M3","1.86"
"Monthly Food Inflation","Zambia","Percent","2019M4","1.03"
"Monthly Food Inflation","Zambia","Percent","2019M5","1.09"
"Monthly Food Inflation","Zambia","Percent","2019M6","0.4"
"Monthly Food Inflation","Zambia","Percent","2019M7","0.39"
"Monthly Food Inflation","Zambia","Percent","2019M8","1.18"
"Monthly Food Inflation","Zambia","Percent","2019M9","2.01"
"Monthly Food Inflation","Zambia","Percent","2019M10","1.06"
"Monthly Food Inflation","Zambia","Percent","2019M11","1.12"
"Monthly Food Inflation","Zambia","Percent","2019M12","2.32"
"Monthly Food Inflation","Zambia","Percent","2020M1","1.16"
"Monthly Food Inflation","Zambia","Percent","2020M2","1.29"
"Monthly Food Inflation","Zambia","Percent","2020M3","1.23"
"Monthly Food Inflation","Zambia","Percent","2020M4","2.62"
"Monthly Food Inflation","Zambia","Percent","2020M5","1.45"
"Monthly Food Inflation","Zambia","Percent","2020M6","-0.58"
"Monthly Food Inflation","Zambia","Percent","2020M7","0.24"
"Monthly Food Inflation","Zambia","Percent","2020M8","0.65"
"Monthly Food Inflation","Zambia","Percent","2020M9","0.65"
"Monthly Food Inflation","Zambia","Percent","2020M10","1.59"
"Monthly Food Inflation","Zambia","Percent","2020M11","3.04"
"Monthly Food Inflation","Zambia","Percent","2020M12","5.32"
"Monthly Food Inflation","Zambia","Percent","2021M1","5.69"
"Monthly Food Inflation","Zambia","Percent","2021M2","2.69"
"Monthly Food Inflation","Zambia","Percent","2021M3","1.6"
"Monthly Food Inflation","Zambia","Percent","2021M4","2.16"
"Monthly Food Inflation","Zambia","Percent","2021M5","2.48"
"Monthly Food Inflation","Zambia","Percent","2021M6","1.51"
"Monthly Food Inflation","Zambia","Percent","2021M7","0.22"
"Monthly Food Inflation","Zambia","Percent","2021M8","0.95"
"Monthly Food Inflation","Zambia","Percent","2021M9","-0.84"
"Monthly Food Inflation","Zambia","Percent","2021M10","0.37"
"Monthly Food Inflation","Zambia","Percent","2021M11","0.88"
"Monthly Food Inflation","Zambia","Percent","2021M12","0.71"
"Monthly Food Inflation","Zambia","Percent","2022M1","3.09"
"Monthly Food Inflation","Zambia","Percent","2022M2","1.89"
"Monthly Food Inflation","Zambia","Percent","2022M3","0.93"
"Monthly Food Inflation","Zambia","Percent","2022M4","1.1"
"Monthly Food Inflation","Zambia","Percent","2022M5","0.9"
"Monthly Food Inflation","Zambia","Percent","2022M6","1.17"
"Monthly Food Inflation","Zambia","Percent","2022M7","0.26"
"Monthly Food Inflation","Zambia","Percent","2022M8","0.38"
"Monthly Food Inflation","Zambia","Percent","2022M9","-0.18"
"Monthly Food Inflation","Zambia","Percent","2022M10","0.44"
"Monthly Food Inflation","Zambia","Percent","2022M11","0.85"
"Monthly Food Inflation","Zambia","Percent","2022M12","0.52"
"Monthly Food Inflation","Zambia","Percent","2023M1","2.76"
"Monthly Food Inflation","Zambia","Percent","2023M2","1.96"
"Monthly Food Inflation","Zambia","Percent","2023M3","1.11"
"Monthly Food Inflation","Zambia","Percent","2023M4","0.87"
"Monthly Food Inflation","Zambia","Percent","2023M5","0.88"
"Monthly Food Inflation","Zambia","Percent","2023M6","0.89"
"Monthly Food Inflation","Zambia","Percent","2023M7","1.03"
"Monthly Food Inflation","Zambia","Percent","2023M8","0.83"
"Monthly Food Inflation","Zambia","Percent","2023M9","0.49"
"Monthly Food Inflation","Zambia","Percent","2023M10","0.66"
"Monthly Food Inflation","Zambia","Percent","2023M11","0.91"
"Monthly Food Inflation","Zambia","Percent","2023M12","1.03"
"Monthly Food Inflation","Zambia","Percent","2024M1","2.32"
"Monthly Food Inflation","Zambia","Percent","2024M2","2.28"
"Monthly Food Inflation","Zambia","Percent","2024M3","2.39"
"Monthly Food Inflation","Zambia","Percent","2024M4","1"
"Monthly Food Inflation","Zambia","Percent","2024M5","1.26"
"Monthly Food Inflation","Zambia","Percent","2024M6","1.46"
"Monthly Food Inflation","Zambia","Percent","2024M7","1.52"
"Monthly Food Inflation","Zambia","Percent","2024M8","0.97"
"Monthly Food Inflation","Zambia","Percent","2024M9","0.79"
"Monthly Food Inflation","Zambia","Percent","2024M10","0.9"
"Monthly Food Inflation","Zambia","Percent","2024M11","0.9"
"Monthly Food Inflation","Zambia","Percent","2024M12","1.4"
"Monthly Food Inflation","Zambia","Percent","2025M1","2.8"
"Monthly Food Inflation","Zambia","Percent","2025M2","3.4"
"Monthly Food Inflation","Zambia","Percent","2025M3","1"
"Monthly Food Inflation","Zambia","Percent","2025M4","0.8"
"Monthly Food Inflation","Zambia","Percent","2025M5","0.6"
"Monthly Food Inflation","Zambia","Percent","2025M6","0.4"
"Monthly Food Inflation","Zambia","Percent","2025M7","0.3"
"Monthly Food Inflation","Zambia","Percent","2025M8","0.6"
"Monthly Food Inflation","Zambia","Percent","2025M9","0.5"
"Monthly Food Inflation","Zambia","Percent","2025M10","0.4"
"Monthly Food Inflation","Zambia","Percent","2025M11","0.8"
"Monthly Food Inflation","Zambia","Percent","2025M12","0.6"
